Customer ID,Product Id,Transaction_id,Transaction_date,Quantity
1,101,trans1,26-10-2014,2
2,102,trans2,27-10-2014,1
3,103,trans3,28-10-2014,3
4,104,trans4,29-10-2014,4
5,105,trans5,30-10-2014,3
6,106,trans6,31-10-2014,8
7,107,trans7,01-11-2014,2
8,108,trans8,02-11-2014,3
9,109,trans9,03-11-2014,1
10,110,trans10,04-11-2014,1
11,111,trans11,05-11-2014,1
12,112,trans12,06-11-2014,3
13,113,trans13,07-11-2014,4
14,114,trans14,08-11-2014,2
15,115,trans15,09-11-2014,6
16,116,trans16,10-11-2014,1
17,117,trans17,11-11-2014,3
18,118,trans18,12-11-2014,7
19,119,trans19,13-11-2014,2
20,120,trans20,14-11-2014,1
21,121,trans21,15-11-2014,2
22,122,trans22,16-11-2014,1
23,123,trans23,17-11-2014,3
24,124,trans24,18-11-2014,4
25,125,trans25,19-11-2014,3
26,126,trans26,20-11-2014,8
27,127,trans27,21-11-2014,2
28,128,trans28,22-11-2014,3
29,129,trans29,23-11-2014,1
30,130,trans30,24-11-2014,1
31,131,trans31,25-11-2014,1
32,132,trans32,26-11-2014,3
33,133,trans33,27-11-2014,4
34,134,trans34,28-11-2014,2
35,135,trans35,29-11-2014,6
36,136,trans36,30-11-2014,1
37,137,trans37,01-12-2014,3
38,138,trans38,02-12-2014,7
39,139,trans39,03-12-2014,2
40,140,trans40,04-12-2014,1
41,141,trans41,05-12-2014,2
42,142,trans42,06-12-2014,1
43,143,trans43,07-12-2014,3
44,144,trans44,08-12-2014,4
45,145,trans45,09-12-2014,3
46,146,trans46,10-12-2014,8
47,147,trans47,11-12-2014,2
48,148,trans48,12-12-2014,3
49,149,trans49,13-12-2014,1
50,150,trans50,14-12-2014,1
51,151,trans51,15-12-2014,1
52,152,trans52,16-12-2014,3
53,153,trans53,17-12-2014,4
54,154,trans54,18-12-2014,2
55,155,trans55,19-12-2014,6
56,156,trans56,20-12-2014,1
57,157,trans57,21-12-2014,3
58,158,trans58,22-12-2014,7
59,159,trans59,23-12-2014,2
60,160,trans60,24-12-2014,1
61,161,trans61,25-12-2014,2
62,162,trans62,26-12-2014,1
63,163,trans63,27-12-2014,3
64,164,trans64,28-12-2014,4
65,165,trans65,29-12-2014,3
66,166,trans66,30-12-2014,8
67,167,trans67,31-12-2014,2
68,168,trans68,01-01-2015,3
69,169,trans69,02-01-2015,1
70,170,trans70,03-01-2015,1
71,171,trans71,04-01-2015,1
72,172,trans72,05-01-2015,3
73,173,trans73,06-01-2015,4
74,174,trans74,07-01-2015,2
75,175,trans75,08-01-2015,6
76,176,trans76,09-01-2015,1
77,177,trans77,10-01-2015,3
78,178,trans78,11-01-2015,7
79,179,trans79,12-01-2015,2
80,180,trans80,13-01-2015,1
81,181,trans81,14-01-2015,2
82,182,trans82,15-01-2015,1
83,183,trans83,16-01-2015,3
84,184,trans84,17-01-2015,4
85,185,trans85,18-01-2015,3
86,186,trans86,19-01-2015,8
87,187,trans87,20-01-2015,2
88,188,trans88,21-01-2015,3
89,189,trans89,22-01-2015,1
90,190,trans90,23-01-2015,1
91,191,trans91,24-01-2015,1
92,192,trans92,25-01-2015,3
93,193,trans93,26-01-2015,4
94,194,trans94,27-01-2015,2
95,195,trans95,28-01-2015,6
96,196,trans96,29-01-2015,1
97,197,trans97,30-01-2015,3
98,198,trans98,31-01-2015,7
99,199,trans99,01-02-2015,2
100,200,trans100,02-02-2015,1
101,201,trans101,03-02-2015,2
102,202,trans102,04-02-2015,1
103,203,trans103,05-02-2015,3
104,204,trans104,06-02-2015,4
105,205,trans105,07-02-2015,3
106,206,trans106,08-02-2015,8
107,207,trans107,09-02-2015,2
108,208,trans108,10-02-2015,3
109,209,trans109,11-02-2015,1
110,210,trans110,12-02-2015,1
111,211,trans111,13-02-2015,1
112,212,trans112,14-02-2015,3
113,213,trans113,15-02-2015,4
114,214,trans114,16-02-2015,2
115,215,trans115,17-02-2015,6
116,216,trans116,18-02-2015,1
117,217,trans117,19-02-2015,3
118,218,trans118,20-02-2015,7
119,219,trans119,21-02-2015,2
120,220,trans120,22-02-2015,1
121,221,trans121,23-02-2015,2
122,222,trans122,24-02-2015,1
123,223,trans123,25-02-2015,3
124,224,trans124,26-02-2015,4
125,225,trans125,27-02-2015,3
126,226,trans126,28-02-2015,8
127,227,trans127,01-03-2015,2
128,228,trans128,02-03-2015,3
129,229,trans129,03-03-2015,1
130,230,trans130,04-03-2015,1
131,231,trans131,05-03-2015,1
132,232,trans132,06-03-2015,3
133,233,trans133,07-03-2015,4
134,234,trans134,08-03-2015,2
135,235,trans135,09-03-2015,6
136,236,trans136,10-03-2015,1
137,237,trans137,11-03-2015,3
138,238,trans138,12-03-2015,7
139,239,trans139,13-03-2015,2
140,240,trans140,14-03-2015,1
141,241,trans141,15-03-2015,2
142,242,trans142,16-03-2015,1
143,243,trans143,17-03-2015,3
144,244,trans144,18-03-2015,4
145,245,trans145,19-03-2015,3
146,246,trans146,20-03-2015,8
147,247,trans147,21-03-2015,2
148,248,trans148,22-03-2015,3
149,249,trans149,23-03-2015,1
150,250,trans150,24-03-2015,1
151,251,trans151,25-03-2015,1
152,252,trans152,26-03-2015,3
153,253,trans153,27-03-2015,4
154,254,trans154,28-03-2015,2
155,255,trans155,29-03-2015,6
156,256,trans156,30-03-2015,1
157,257,trans157,31-03-2015,3
158,258,trans158,01-04-2015,7
159,259,trans159,02-04-2015,2
160,260,trans160,03-04-2015,1
161,261,trans161,04-04-2015,2
162,262,trans162,05-04-2015,1
163,263,trans163,06-04-2015,3
164,264,trans164,07-04-2015,4
165,265,trans165,08-04-2015,3
166,266,trans166,09-04-2015,8
167,267,trans167,10-04-2015,2
168,268,trans168,11-04-2015,3
169,269,trans169,12-04-2015,1
170,270,trans170,13-04-2015,1
171,271,trans171,14-04-2015,1
172,272,trans172,15-04-2015,3
173,273,trans173,16-04-2015,4
174,274,trans174,17-04-2015,2
175,275,trans175,18-04-2015,6
176,276,trans176,19-04-2015,1
177,277,trans177,20-04-2015,3
178,278,trans178,21-04-2015,7
179,279,trans179,22-04-2015,2
180,280,trans180,23-04-2015,1
181,281,trans181,24-04-2015,2
182,282,trans182,25-04-2015,1
183,283,trans183,26-04-2015,3
184,284,trans184,27-04-2015,4
185,285,trans185,28-04-2015,3
186,286,trans186,29-04-2015,8
187,287,trans187,30-04-2015,2
188,288,trans188,01-05-2015,3
189,289,trans189,02-05-2015,1
190,290,trans190,03-05-2015,1
191,291,trans191,04-05-2015,1
192,292,trans192,05-05-2015,3
193,293,trans193,06-05-2015,4
194,294,trans194,07-05-2015,2
195,295,trans195,08-05-2015,6
196,296,trans196,09-05-2015,1
197,297,trans197,10-05-2015,3
198,298,trans198,11-05-2015,7
199,299,trans199,12-05-2015,2
200,300,trans200,13-05-2015,1
201,301,trans201,14-05-2015,2
202,302,trans202,15-05-2015,1
203,303,trans203,16-05-2015,3
204,304,trans204,17-05-2015,4
205,305,trans205,18-05-2015,3
206,306,trans206,19-05-2015,8
207,307,trans207,20-05-2015,2
208,308,trans208,21-05-2015,3
209,309,trans209,22-05-2015,1
210,310,trans210,23-05-2015,1
211,311,trans211,24-05-2015,1
212,312,trans212,25-05-2015,3
213,313,trans213,26-05-2015,4
214,314,trans214,27-05-2015,2
215,315,trans215,28-05-2015,6
216,316,trans216,29-05-2015,1
217,317,trans217,30-05-2015,3
218,318,trans218,31-05-2015,7
219,319,trans219,01-06-2015,2
220,320,trans220,02-06-2015,1
221,321,trans221,03-06-2015,2
222,322,trans222,04-06-2015,1
223,323,trans223,05-06-2015,3
224,324,trans224,06-06-2015,4
225,325,trans225,07-06-2015,3
226,326,trans226,08-06-2015,8
227,327,trans227,09-06-2015,2
228,328,trans228,10-06-2015,3
229,329,trans229,11-06-2015,1
230,330,trans230,12-06-2015,1
231,331,trans231,13-06-2015,1
232,332,trans232,14-06-2015,3
233,333,trans233,15-06-2015,4
234,334,trans234,16-06-2015,2
235,335,trans235,17-06-2015,6
236,336,trans236,18-06-2015,1
237,337,trans237,19-06-2015,3
238,338,trans238,20-06-2015,7
239,339,trans239,21-06-2015,2
240,340,trans240,22-06-2015,1
241,341,trans241,23-06-2015,2
242,342,trans242,24-06-2015,1
243,343,trans243,25-06-2015,3
244,344,trans244,26-06-2015,4
245,345,trans245,27-06-2015,3
246,346,trans246,28-06-2015,8
247,347,trans247,29-06-2015,2
248,348,trans248,30-06-2015,3
249,349,trans249,01-07-2015,1
250,350,trans250,02-07-2015,1
251,351,trans251,03-07-2015,1
252,352,trans252,04-07-2015,3
253,353,trans253,05-07-2015,4
254,354,trans254,06-07-2015,2
255,355,trans255,07-07-2015,6
256,356,trans256,08-07-2015,1
257,357,trans257,09-07-2015,3
258,358,trans258,10-07-2015,7
259,359,trans259,11-07-2015,2
260,360,trans260,12-07-2015,1
261,361,trans261,13-07-2015,2
262,362,trans262,14-07-2015,1
263,363,trans263,15-07-2015,3
264,364,trans264,16-07-2015,4
265,365,trans265,17-07-2015,3
266,366,trans266,18-07-2015,8
267,367,trans267,19-07-2015,2
268,368,trans268,20-07-2015,3
269,369,trans269,21-07-2015,1
270,370,trans270,22-07-2015,1
271,371,trans271,23-07-2015,1
272,372,trans272,24-07-2015,3
273,373,trans273,25-07-2015,4
274,374,trans274,26-07-2015,2
275,375,trans275,27-07-2015,6
276,376,trans276,28-07-2015,1
277,377,trans277,29-07-2015,3
278,378,trans278,30-07-2015,7
279,379,trans279,31-07-2015,2
280,380,trans280,01-08-2015,1
281,381,trans281,02-08-2015,2
282,382,trans282,03-08-2015,1
283,383,trans283,04-08-2015,3
284,384,trans284,05-08-2015,4
285,385,trans285,06-08-2015,3
286,386,trans286,07-08-2015,8
287,387,trans287,08-08-2015,2
288,388,trans288,09-08-2015,3
289,389,trans289,10-08-2015,1
290,390,trans290,11-08-2015,1
291,391,trans291,12-08-2015,1
292,392,trans292,13-08-2015,3
293,393,trans293,14-08-2015,4
294,394,trans294,15-08-2015,2
295,395,trans295,16-08-2015,6
296,396,trans296,17-08-2015,1
297,397,trans297,18-08-2015,3
298,398,trans298,19-08-2015,7
299,399,trans299,20-08-2015,2
300,400,trans300,21-08-2015,1
301,401,trans301,22-08-2015,2
302,402,trans302,23-08-2015,1
303,403,trans303,24-08-2015,3
304,404,trans304,25-08-2015,4
305,405,trans305,26-08-2015,3
306,406,trans306,27-08-2015,8
307,407,trans307,28-08-2015,2
308,408,trans308,29-08-2015,3
309,409,trans309,30-08-2015,1
310,410,trans310,31-08-2015,1
311,411,trans311,01-09-2015,1
312,412,trans312,02-09-2015,3
313,413,trans313,03-09-2015,4
314,414,trans314,04-09-2015,2
315,415,trans315,05-09-2015,6
316,416,trans316,06-09-2015,1
317,417,trans317,07-09-2015,3
318,418,trans318,08-09-2015,7
319,419,trans319,09-09-2015,2
320,420,trans320,10-09-2015,1
321,421,trans321,11-09-2015,2
322,422,trans322,12-09-2015,1
323,423,trans323,13-09-2015,3
324,424,trans324,14-09-2015,4
325,425,trans325,15-09-2015,3
326,426,trans326,16-09-2015,8
327,427,trans327,17-09-2015,2
328,428,trans328,18-09-2015,3
329,429,trans329,19-09-2015,1
330,430,trans330,20-09-2015,1
331,431,trans331,21-09-2015,1
332,432,trans332,22-09-2015,3
333,433,trans333,23-09-2015,4
334,434,trans334,24-09-2015,2
335,435,trans335,25-09-2015,6
336,436,trans336,26-09-2015,1
337,437,trans337,27-09-2015,3
338,438,trans338,28-09-2015,7
339,439,trans339,29-09-2015,2
340,440,trans340,30-09-2015,1
341,441,trans341,01-10-2015,2
342,442,trans342,02-10-2015,1
343,443,trans343,03-10-2015,3
344,444,trans344,04-10-2015,4
345,445,trans345,05-10-2015,3
346,446,trans346,06-10-2015,8
347,447,trans347,07-10-2015,2
348,448,trans348,08-10-2015,3
349,449,trans349,09-10-2015,1
350,450,trans350,10-10-2015,1
351,451,trans351,11-10-2015,1
352,452,trans352,12-10-2015,3
353,453,trans353,13-10-2015,4
354,454,trans354,14-10-2015,2
355,455,trans355,15-10-2015,6
356,456,trans356,16-10-2015,1
357,457,trans357,17-10-2015,3
358,458,trans358,18-10-2015,7
359,459,trans359,19-10-2015,2
360,460,trans360,20-10-2015,1
361,461,trans361,21-10-2015,2
362,462,trans362,22-10-2015,1
363,463,trans363,23-10-2015,3
364,464,trans364,24-10-2015,4
365,465,trans365,25-10-2015,3
366,466,trans366,26-10-2015,8
367,467,trans367,27-10-2015,2
368,468,trans368,28-10-2015,3
369,469,trans369,29-10-2015,1
370,470,trans370,30-10-2015,1
371,471,trans371,31-10-2015,1
372,472,trans372,01-11-2015,3
373,473,trans373,02-11-2015,4
374,474,trans374,03-11-2015,2
375,475,trans375,04-11-2015,6
376,476,trans376,05-11-2015,1
377,477,trans377,06-11-2015,3
378,478,trans378,07-11-2015,7
379,479,trans379,08-11-2015,2
380,480,trans380,09-11-2015,1
381,481,trans381,10-11-2015,2
382,482,trans382,11-11-2015,1
383,483,trans383,12-11-2015,3
384,484,trans384,13-11-2015,4
385,485,trans385,14-11-2015,3
386,486,trans386,15-11-2015,8
387,487,trans387,16-11-2015,2
388,488,trans388,17-11-2015,3
389,489,trans389,18-11-2015,1
390,490,trans390,19-11-2015,1
391,491,trans391,20-11-2015,1
392,492,trans392,21-11-2015,3
393,493,trans393,22-11-2015,4
394,494,trans394,23-11-2015,2
395,495,trans395,24-11-2015,6
396,496,trans396,25-11-2015,1
397,497,trans397,26-11-2015,3
398,498,trans398,27-11-2015,7
399,499,trans399,28-11-2015,2
400,500,trans400,29-11-2015,1
401,501,trans401,30-11-2015,2
402,502,trans402,01-12-2015,1
403,503,trans403,02-12-2015,3
404,504,trans404,03-12-2015,4
405,505,trans405,04-12-2015,3
406,506,trans406,05-12-2015,8
407,507,trans407,06-12-2015,2
408,508,trans408,07-12-2015,3
409,509,trans409,08-12-2015,1
410,510,trans410,09-12-2015,1
411,511,trans411,10-12-2015,1
412,512,trans412,11-12-2015,3
413,513,trans413,12-12-2015,4
414,514,trans414,13-12-2015,2
415,515,trans415,14-12-2015,6
416,516,trans416,15-12-2015,1
417,517,trans417,16-12-2015,3
418,518,trans418,17-12-2015,7
419,519,trans419,18-12-2015,2
420,520,trans420,19-12-2015,1
421,521,trans421,20-12-2015,2
422,522,trans422,21-12-2015,1
423,523,trans423,22-12-2015,3
424,524,trans424,23-12-2015,4
425,525,trans425,24-12-2015,3
426,526,trans426,25-12-2015,8
427,527,trans427,26-12-2015,2
428,528,trans428,27-12-2015,3
429,529,trans429,28-12-2015,1
430,530,trans430,29-12-2015,1
431,531,trans431,30-12-2015,1
432,532,trans432,31-12-2015,3
433,533,trans433,01-01-2016,4
434,534,trans434,02-01-2016,2
435,535,trans435,03-01-2016,6
436,536,trans436,04-01-2016,1
437,537,trans437,05-01-2016,3
438,538,trans438,06-01-2016,7
439,539,trans439,07-01-2016,2
440,540,trans440,08-01-2016,1
441,541,trans441,09-01-2016,2
442,542,trans442,10-01-2016,1
443,543,trans443,11-01-2016,3
444,544,trans444,12-01-2016,4
445,545,trans445,13-01-2016,3
446,546,trans446,14-01-2016,8
447,547,trans447,15-01-2016,2
448,548,trans448,16-01-2016,3
449,549,trans449,17-01-2016,1
450,550,trans450,18-01-2016,1
451,551,trans451,19-01-2016,1
452,552,trans452,20-01-2016,3
453,553,trans453,21-01-2016,4
454,554,trans454,22-01-2016,2
455,555,trans455,23-01-2016,6
456,556,trans456,24-01-2016,1
457,557,trans457,25-01-2016,3
458,558,trans458,26-01-2016,7
459,559,trans459,27-01-2016,2
460,560,trans460,28-01-2016,1
461,561,trans461,29-01-2016,2
462,562,trans462,30-01-2016,1
463,563,trans463,31-01-2016,3
464,564,trans464,01-02-2016,4
465,565,trans465,02-02-2016,3
466,566,trans466,03-02-2016,8
467,567,trans467,04-02-2016,2
468,568,trans468,05-02-2016,3
469,569,trans469,06-02-2016,1
470,570,trans470,07-02-2016,1
471,571,trans471,08-02-2016,1
472,572,trans472,09-02-2016,3
473,573,trans473,10-02-2016,4
474,574,trans474,11-02-2016,2
475,575,trans475,12-02-2016,6
476,576,trans476,13-02-2016,1
477,577,trans477,14-02-2016,3
478,578,trans478,15-02-2016,7
479,579,trans479,16-02-2016,2
480,580,trans480,17-02-2016,1
481,581,trans481,18-02-2016,2
482,582,trans482,19-02-2016,1
483,583,trans483,20-02-2016,3
484,584,trans484,21-02-2016,4
485,585,trans485,22-02-2016,3
486,586,trans486,23-02-2016,8
487,587,trans487,24-02-2016,2
488,588,trans488,25-02-2016,3
489,589,trans489,26-02-2016,1
490,590,trans490,27-02-2016,1
491,591,trans491,28-02-2016,1
492,592,trans492,29-02-2016,3
493,593,trans493,01-03-2016,4
494,594,trans494,02-03-2016,2
495,595,trans495,03-03-2016,6
496,596,trans496,04-03-2016,1
497,597,trans497,05-03-2016,3
498,598,trans498,06-03-2016,7
499,599,trans499,07-03-2016,2
500,600,trans500,08-03-2016,1
501,601,trans501,09-03-2016,2
502,602,trans502,10-03-2016,1
503,603,trans503,11-03-2016,3
504,604,trans504,12-03-2016,4
505,605,trans505,13-03-2016,3
506,606,trans506,14-03-2016,8
507,607,trans507,15-03-2016,2
508,608,trans508,16-03-2016,3
509,609,trans509,17-03-2016,1
510,610,trans510,18-03-2016,1
511,611,trans511,19-03-2016,1
512,612,trans512,20-03-2016,3
513,613,trans513,21-03-2016,4
514,614,trans514,22-03-2016,2
515,615,trans515,23-03-2016,6
516,616,trans516,24-03-2016,1
517,617,trans517,25-03-2016,3
518,618,trans518,26-03-2016,7
519,619,trans519,27-03-2016,2
520,620,trans520,28-03-2016,1
521,621,trans521,29-03-2016,2
522,622,trans522,30-03-2016,1
523,623,trans523,31-03-2016,3
524,624,trans524,01-04-2016,4
525,625,trans525,02-04-2016,3
526,626,trans526,03-04-2016,8
527,627,trans527,04-04-2016,2
528,628,trans528,05-04-2016,3
529,629,trans529,06-04-2016,1
530,630,trans530,07-04-2016,1
531,631,trans531,08-04-2016,1
532,632,trans532,09-04-2016,3
533,633,trans533,10-04-2016,4
534,634,trans534,11-04-2016,2
535,635,trans535,12-04-2016,6
536,636,trans536,13-04-2016,1
537,637,trans537,14-04-2016,3
538,638,trans538,15-04-2016,7
539,639,trans539,16-04-2016,2
540,640,trans540,17-04-2016,1
541,641,trans541,18-04-2016,2
542,642,trans542,19-04-2016,1
543,643,trans543,20-04-2016,3
544,644,trans544,21-04-2016,4
545,645,trans545,22-04-2016,3
546,646,trans546,23-04-2016,8
547,647,trans547,24-04-2016,2
548,648,trans548,25-04-2016,3
549,649,trans549,26-04-2016,1
550,650,trans550,27-04-2016,1
551,651,trans551,28-04-2016,1
552,652,trans552,29-04-2016,3
553,653,trans553,30-04-2016,4
554,654,trans554,01-05-2016,2
555,655,trans555,02-05-2016,6
556,656,trans556,03-05-2016,1
557,657,trans557,04-05-2016,3
558,658,trans558,05-05-2016,7
559,659,trans559,06-05-2016,2
560,660,trans560,07-05-2016,1
561,661,trans561,08-05-2016,2
562,662,trans562,09-05-2016,1
563,663,trans563,10-05-2016,3
564,664,trans564,11-05-2016,4
565,665,trans565,12-05-2016,3
566,666,trans566,13-05-2016,8
567,667,trans567,14-05-2016,2
568,668,trans568,15-05-2016,3
569,669,trans569,16-05-2016,1
570,670,trans570,17-05-2016,1
571,671,trans571,18-05-2016,1
572,672,trans572,19-05-2016,3
573,673,trans573,20-05-2016,4
574,674,trans574,21-05-2016,2
575,675,trans575,22-05-2016,6
576,676,trans576,23-05-2016,1
577,677,trans577,24-05-2016,3
578,678,trans578,25-05-2016,7
579,679,trans579,26-05-2016,2
580,680,trans580,27-05-2016,1
581,681,trans581,28-05-2016,2
582,682,trans582,29-05-2016,1
583,683,trans583,30-05-2016,3
584,684,trans584,31-05-2016,4
585,685,trans585,01-06-2016,3
586,686,trans586,02-06-2016,8
587,687,trans587,03-06-2016,2
588,688,trans588,04-06-2016,3
589,689,trans589,05-06-2016,1
590,690,trans590,06-06-2016,1
591,691,trans591,07-06-2016,1
592,692,trans592,08-06-2016,3
593,693,trans593,09-06-2016,4
594,694,trans594,10-06-2016,2
595,695,trans595,11-06-2016,6
596,696,trans596,12-06-2016,1
597,697,trans597,13-06-2016,3
598,698,trans598,14-06-2016,7
599,699,trans599,15-06-2016,2
600,700,trans600,16-06-2016,1
601,701,trans601,17-06-2016,2
602,702,trans602,18-06-2016,1
603,703,trans603,19-06-2016,3
604,704,trans604,20-06-2016,4
605,705,trans605,21-06-2016,3
606,706,trans606,22-06-2016,8
607,707,trans607,23-06-2016,2
608,708,trans608,24-06-2016,3
609,709,trans609,25-06-2016,1
610,710,trans610,26-06-2016,1
611,711,trans611,27-06-2016,1
612,712,trans612,28-06-2016,3
613,713,trans613,29-06-2016,4
614,714,trans614,30-06-2016,2
615,715,trans615,01-07-2016,6
616,716,trans616,02-07-2016,1
617,717,trans617,03-07-2016,3
618,718,trans618,04-07-2016,7
619,719,trans619,05-07-2016,2
620,720,trans620,06-07-2016,1
621,721,trans621,07-07-2016,2
622,722,trans622,08-07-2016,1
623,723,trans623,09-07-2016,3
624,724,trans624,10-07-2016,4
625,725,trans625,11-07-2016,3
626,726,trans626,12-07-2016,8
627,727,trans627,13-07-2016,2
628,728,trans628,14-07-2016,3
629,729,trans629,15-07-2016,1
630,730,trans630,16-07-2016,1
631,731,trans631,17-07-2016,1
632,732,trans632,18-07-2016,3
633,733,trans633,19-07-2016,4
634,734,trans634,20-07-2016,2
635,735,trans635,21-07-2016,6
636,736,trans636,22-07-2016,1
637,737,trans637,23-07-2016,3
638,738,trans638,24-07-2016,7
639,739,trans639,25-07-2016,2
640,740,trans640,26-07-2016,1
641,741,trans641,27-07-2016,2
642,742,trans642,28-07-2016,1
643,743,trans643,29-07-2016,3
644,744,trans644,30-07-2016,4
645,745,trans645,31-07-2016,3
646,746,trans646,01-08-2016,8
647,747,trans647,02-08-2016,2
648,748,trans648,03-08-2016,3
649,749,trans649,04-08-2016,1
650,750,trans650,05-08-2016,1
651,751,trans651,06-08-2016,1
652,752,trans652,07-08-2016,3
653,753,trans653,08-08-2016,4
654,754,trans654,09-08-2016,2
655,755,trans655,10-08-2016,6
656,756,trans656,11-08-2016,1
657,757,trans657,12-08-2016,3
658,758,trans658,13-08-2016,7
659,759,trans659,14-08-2016,2
660,760,trans660,15-08-2016,1
661,761,trans661,16-08-2016,2
662,762,trans662,17-08-2016,1
663,763,trans663,18-08-2016,3
664,764,trans664,19-08-2016,4
665,765,trans665,20-08-2016,3
666,766,trans666,21-08-2016,8
667,767,trans667,22-08-2016,2
668,768,trans668,23-08-2016,3
669,769,trans669,24-08-2016,1
670,770,trans670,25-08-2016,1
671,771,trans671,26-08-2016,1
672,772,trans672,27-08-2016,3
673,773,trans673,28-08-2016,4
674,774,trans674,29-08-2016,2
675,775,trans675,30-08-2016,6
676,776,trans676,31-08-2016,1
677,777,trans677,01-09-2016,3
678,778,trans678,02-09-2016,7
679,779,trans679,03-09-2016,2
680,780,trans680,04-09-2016,1
681,781,trans681,05-09-2016,2
682,782,trans682,06-09-2016,1
683,783,trans683,07-09-2016,3
684,784,trans684,08-09-2016,4
685,785,trans685,09-09-2016,3
686,786,trans686,10-09-2016,8
687,787,trans687,11-09-2016,2
688,788,trans688,12-09-2016,3
689,789,trans689,13-09-2016,1
690,790,trans690,14-09-2016,1
691,791,trans691,15-09-2016,1
692,792,trans692,16-09-2016,3
693,793,trans693,17-09-2016,4
694,794,trans694,18-09-2016,2
695,795,trans695,19-09-2016,6
696,796,trans696,20-09-2016,1
697,797,trans697,21-09-2016,3
698,798,trans698,22-09-2016,7
699,799,trans699,23-09-2016,2
700,800,trans700,24-09-2016,1
701,801,trans701,25-09-2016,2
702,802,trans702,26-09-2016,1
703,803,trans703,27-09-2016,3
704,804,trans704,28-09-2016,4
705,805,trans705,29-09-2016,3
706,806,trans706,30-09-2016,8
707,807,trans707,01-10-2016,2
708,808,trans708,02-10-2016,3
709,809,trans709,03-10-2016,1
710,810,trans710,04-10-2016,1
711,811,trans711,05-10-2016,1
712,812,trans712,06-10-2016,3
713,813,trans713,07-10-2016,4
714,814,trans714,08-10-2016,2
715,815,trans715,09-10-2016,6
716,816,trans716,10-10-2016,1
717,817,trans717,11-10-2016,3
718,818,trans718,12-10-2016,7
719,819,trans719,13-10-2016,2
720,820,trans720,14-10-2016,1
721,821,trans721,15-10-2016,2
722,822,trans722,16-10-2016,1
723,823,trans723,17-10-2016,3
724,824,trans724,18-10-2016,4
725,825,trans725,19-10-2016,3
726,826,trans726,20-10-2016,8
727,827,trans727,21-10-2016,2
728,828,trans728,22-10-2016,3
729,829,trans729,23-10-2016,1
730,830,trans730,24-10-2016,1
731,831,trans731,25-10-2016,1
732,832,trans732,26-10-2016,3
733,833,trans733,27-10-2016,4
734,834,trans734,28-10-2016,2
735,835,trans735,29-10-2016,6
736,836,trans736,30-10-2016,1
737,837,trans737,31-10-2016,3
738,838,trans738,01-11-2016,7
739,839,trans739,02-11-2016,2
740,840,trans740,03-11-2016,1
741,841,trans741,04-11-2016,2
742,842,trans742,05-11-2016,1
743,843,trans743,06-11-2016,3
744,844,trans744,07-11-2016,4
745,845,trans745,08-11-2016,3
746,846,trans746,09-11-2016,8
747,847,trans747,10-11-2016,2
748,848,trans748,11-11-2016,3
749,849,trans749,12-11-2016,1
750,850,trans750,13-11-2016,1
751,851,trans751,14-11-2016,1
752,852,trans752,15-11-2016,3
753,853,trans753,16-11-2016,4
754,854,trans754,17-11-2016,2
755,855,trans755,18-11-2016,6
756,856,trans756,19-11-2016,1
757,857,trans757,20-11-2016,3
758,858,trans758,21-11-2016,7
759,859,trans759,22-11-2016,2
760,860,trans760,23-11-2016,1
761,861,trans761,24-11-2016,2
762,862,trans762,25-11-2016,1
763,863,trans763,26-11-2016,3
764,864,trans764,27-11-2016,4
765,865,trans765,28-11-2016,3
766,866,trans766,29-11-2016,8
767,867,trans767,30-11-2016,2
768,868,trans768,01-12-2016,3
769,869,trans769,02-12-2016,1
770,870,trans770,03-12-2016,1
771,871,trans771,04-12-2016,1
772,872,trans772,05-12-2016,3
773,873,trans773,06-12-2016,4
774,874,trans774,07-12-2016,2
775,875,trans775,08-12-2016,6
776,876,trans776,09-12-2016,1
777,877,trans777,10-12-2016,3
778,878,trans778,11-12-2016,7
779,879,trans779,12-12-2016,2
780,880,trans780,13-12-2016,1
781,881,trans781,14-12-2016,2
782,882,trans782,15-12-2016,1
783,883,trans783,16-12-2016,3
784,884,trans784,17-12-2016,4
785,885,trans785,18-12-2016,3
786,886,trans786,19-12-2016,8
787,887,trans787,20-12-2016,2
788,888,trans788,21-12-2016,3
789,889,trans789,22-12-2016,1
790,890,trans790,23-12-2016,1
791,891,trans791,24-12-2016,1
792,892,trans792,25-12-2016,3
793,893,trans793,26-12-2016,4
794,894,trans794,27-12-2016,2
795,895,trans795,28-12-2016,6
796,896,trans796,29-12-2016,1
797,897,trans797,30-12-2016,3
798,898,trans798,31-12-2016,7
799,899,trans799,01-01-2017,2
800,900,trans800,02-01-2017,1
801,901,trans801,03-01-2017,2
802,902,trans802,04-01-2017,1
803,903,trans803,05-01-2017,3
804,904,trans804,06-01-2017,4
805,905,trans805,07-01-2017,3
806,906,trans806,08-01-2017,8
807,907,trans807,09-01-2017,2
808,908,trans808,10-01-2017,3
809,909,trans809,11-01-2017,1
810,910,trans810,12-01-2017,1
811,911,trans811,13-01-2017,1
812,912,trans812,14-01-2017,3
813,913,trans813,15-01-2017,4
814,914,trans814,16-01-2017,2
815,915,trans815,17-01-2017,6
816,916,trans816,18-01-2017,1
817,917,trans817,19-01-2017,3
818,918,trans818,20-01-2017,7
819,919,trans819,21-01-2017,2
820,920,trans820,22-01-2017,1
821,921,trans821,23-01-2017,2
822,922,trans822,24-01-2017,1
823,923,trans823,25-01-2017,3
824,924,trans824,26-01-2017,4
825,925,trans825,27-01-2017,3
826,926,trans826,28-01-2017,8
827,927,trans827,29-01-2017,2
828,928,trans828,30-01-2017,3
829,929,trans829,31-01-2017,1
830,930,trans830,01-02-2017,1
831,931,trans831,02-02-2017,1
832,932,trans832,03-02-2017,3
833,933,trans833,04-02-2017,4
834,934,trans834,05-02-2017,2
835,935,trans835,06-02-2017,6
836,936,trans836,07-02-2017,1
837,937,trans837,08-02-2017,3
838,938,trans838,09-02-2017,7
839,939,trans839,10-02-2017,2
840,940,trans840,11-02-2017,1
841,941,trans841,12-02-2017,2
842,942,trans842,13-02-2017,1
843,943,trans843,14-02-2017,3
844,944,trans844,15-02-2017,4
845,945,trans845,16-02-2017,3
846,946,trans846,17-02-2017,8
847,947,trans847,18-02-2017,2
848,948,trans848,19-02-2017,3
849,949,trans849,20-02-2017,1
850,950,trans850,21-02-2017,1
851,951,trans851,22-02-2017,1
852,952,trans852,23-02-2017,3
853,953,trans853,24-02-2017,4
854,954,trans854,25-02-2017,2
855,955,trans855,26-02-2017,6
856,956,trans856,27-02-2017,1
857,957,trans857,28-02-2017,3
858,958,trans858,01-03-2017,7
859,959,trans859,02-03-2017,2
860,960,trans860,03-03-2017,1
861,961,trans861,04-03-2017,2
862,962,trans862,05-03-2017,1
863,963,trans863,06-03-2017,3
864,964,trans864,07-03-2017,4
865,965,trans865,08-03-2017,3
866,966,trans866,09-03-2017,8
867,967,trans867,10-03-2017,2
868,968,trans868,11-03-2017,3
869,969,trans869,12-03-2017,1
870,970,trans870,13-03-2017,1
871,971,trans871,14-03-2017,1
872,972,trans872,15-03-2017,3
873,973,trans873,16-03-2017,4
874,974,trans874,17-03-2017,2
875,975,trans875,18-03-2017,6
876,976,trans876,19-03-2017,1
877,977,trans877,20-03-2017,3
878,978,trans878,21-03-2017,7
879,979,trans879,22-03-2017,2
880,980,trans880,23-03-2017,1
881,981,trans881,24-03-2017,2
882,982,trans882,25-03-2017,1
883,983,trans883,26-03-2017,3
884,984,trans884,27-03-2017,4
885,985,trans885,28-03-2017,3
886,986,trans886,29-03-2017,8
887,987,trans887,30-03-2017,2
888,988,trans888,31-03-2017,3
889,989,trans889,01-04-2017,1
890,990,trans890,02-04-2017,1
891,991,trans891,03-04-2017,1
892,992,trans892,04-04-2017,3
893,993,trans893,05-04-2017,4
894,994,trans894,06-04-2017,2
895,995,trans895,07-04-2017,6
896,996,trans896,08-04-2017,1
897,997,trans897,09-04-2017,3
898,998,trans898,10-04-2017,7
899,999,trans899,11-04-2017,2
900,1000,trans900,12-04-2017,1
901,1001,trans901,13-04-2017,2
902,1002,trans902,14-04-2017,1
903,1003,trans903,15-04-2017,3
904,1004,trans904,16-04-2017,4
905,1005,trans905,17-04-2017,3
906,1006,trans906,18-04-2017,8
907,1007,trans907,19-04-2017,2
908,1008,trans908,20-04-2017,3
909,1009,trans909,21-04-2017,1
910,1010,trans910,22-04-2017,1
911,1011,trans911,23-04-2017,1
912,1012,trans912,24-04-2017,3
913,1013,trans913,25-04-2017,4
914,1014,trans914,26-04-2017,2
915,1015,trans915,27-04-2017,6
916,1016,trans916,28-04-2017,1
917,1017,trans917,29-04-2017,3
918,1018,trans918,30-04-2017,7
919,1019,trans919,01-05-2017,2
920,1020,trans920,02-05-2017,1
921,1021,trans921,03-05-2017,2
922,1022,trans922,04-05-2017,1
923,1023,trans923,05-05-2017,3
924,1024,trans924,06-05-2017,4
925,1025,trans925,07-05-2017,3
926,1026,trans926,08-05-2017,8
927,1027,trans927,09-05-2017,2
928,1028,trans928,10-05-2017,3
929,1029,trans929,11-05-2017,1
930,1030,trans930,12-05-2017,1
931,1031,trans931,13-05-2017,1
932,1032,trans932,14-05-2017,3
933,1033,trans933,15-05-2017,4
934,1034,trans934,16-05-2017,2
935,1035,trans935,17-05-2017,6
936,1036,trans936,18-05-2017,1
937,1037,trans937,19-05-2017,3
938,1038,trans938,20-05-2017,7
939,1039,trans939,21-05-2017,2
940,1040,trans940,22-05-2017,1
941,1041,trans941,23-05-2017,2
942,1042,trans942,24-05-2017,1
943,1043,trans943,25-05-2017,3
944,1044,trans944,26-05-2017,4
945,1045,trans945,27-05-2017,3
946,1046,trans946,28-05-2017,8
947,1047,trans947,29-05-2017,2
948,1048,trans948,30-05-2017,3
949,1049,trans949,31-05-2017,1
950,1050,trans950,01-06-2017,1
951,1051,trans951,02-06-2017,1
952,1052,trans952,03-06-2017,3
953,1053,trans953,04-06-2017,4
954,1054,trans954,05-06-2017,2
955,1055,trans955,06-06-2017,6
956,1056,trans956,07-06-2017,1
957,1057,trans957,08-06-2017,3
958,1058,trans958,09-06-2017,7
959,1059,trans959,10-06-2017,2
960,1060,trans960,11-06-2017,1
961,1061,trans961,12-06-2017,2
962,1062,trans962,13-06-2017,1
963,1063,trans963,14-06-2017,3
964,1064,trans964,15-06-2017,4
965,1065,trans965,16-06-2017,3
966,1066,trans966,17-06-2017,8
967,1067,trans967,18-06-2017,2
968,1068,trans968,19-06-2017,3
969,1069,trans969,20-06-2017,1
970,1070,trans970,21-06-2017,1
971,1071,trans971,22-06-2017,1
972,1072,trans972,23-06-2017,3
973,1073,trans973,24-06-2017,4
974,1074,trans974,25-06-2017,2
975,1075,trans975,26-06-2017,6
976,1076,trans976,27-06-2017,1
977,1077,trans977,28-06-2017,3
978,1078,trans978,29-06-2017,7
979,1079,trans979,30-06-2017,2
980,1080,trans980,01-07-2017,1
981,1081,trans981,02-07-2017,2
982,1082,trans982,03-07-2017,1
983,1083,trans983,04-07-2017,3
984,1084,trans984,05-07-2017,4
985,1085,trans985,06-07-2017,3
986,1086,trans986,07-07-2017,8
987,1087,trans987,08-07-2017,2
988,1088,trans988,09-07-2017,3
989,1089,trans989,10-07-2017,1
990,1090,trans990,11-07-2017,1
991,1091,trans991,12-07-2017,1
992,1092,trans992,13-07-2017,3
993,1093,trans993,14-07-2017,4
994,1094,trans994,15-07-2017,2
995,1095,trans995,16-07-2017,6
996,1096,trans996,17-07-2017,1
997,1097,trans997,18-07-2017,3
998,1098,trans998,19-07-2017,7
999,1099,trans999,20-07-2017,2
1000,1100,trans1000,21-07-2017,1
1001,1101,trans1001,22-07-2017,
1002,1102,trans1002,23-07-2017,2
1003,1103,trans1003,24-07-2017,1
1004,1104,trans1004,25-07-2017,3
1005,1105,trans1005,26-07-2017,4
1006,1106,trans1006,27-07-2017,3
1007,1107,trans1007,28-07-2017,8
1008,1108,trans1008,29-07-2017,2
1009,1109,trans1009,30-07-2017,3
1010,1110,trans1010,31-07-2017,1
1011,1111,trans1011,01-08-2017,1
1012,1112,trans1012,02-08-2017,1
1013,1113,trans1013,03-08-2017,3
1014,1114,trans1014,04-08-2017,4
1015,1115,trans1015,05-08-2017,2
1016,1116,trans1016,06-08-2017,6
1017,1117,trans1017,07-08-2017,1
1018,1118,trans1018,08-08-2017,3
1019,1119,trans1019,09-08-2017,7
1020,1120,trans1020,10-08-2017,2
1021,1121,trans1021,11-08-2017,1
1022,1122,trans1022,12-08-2017,2
1023,1123,trans1023,13-08-2017,1
1024,1124,trans1024,14-08-2017,3
1025,1125,trans1025,15-08-2017,4
1026,1126,trans1026,16-08-2017,3
1027,1127,trans1027,17-08-2017,8
1028,1128,trans1028,18-08-2017,2
1029,1129,trans1029,19-08-2017,3
1030,1130,trans1030,20-08-2017,1
1031,1131,trans1031,21-08-2017,1
1032,1132,trans1032,22-08-2017,1
1033,1133,trans1033,23-08-2017,3
1034,1134,trans1034,24-08-2017,4
1035,1135,trans1035,25-08-2017,2
1036,1136,trans1036,26-08-2017,6
1037,1137,trans1037,27-08-2017,1
1038,1138,trans1038,28-08-2017,3
1039,1139,trans1039,29-08-2017,7
1040,1140,trans1040,30-08-2017,2
1041,1141,trans1041,31-08-2017,1
1042,1142,trans1042,01-09-2017,2
1043,1143,trans1043,02-09-2017,1
1044,1144,trans1044,03-09-2017,3
1045,1145,trans1045,04-09-2017,4
1046,1146,trans1046,05-09-2017,3
1047,1147,trans1047,06-09-2017,8
1048,1148,trans1048,07-09-2017,2
1049,1149,trans1049,08-09-2017,3
1050,1150,trans1050,09-09-2017,1
1051,1151,trans1051,10-09-2017,1
1052,1152,trans1052,11-09-2017,1
1053,1153,trans1053,12-09-2017,3
1054,1154,trans1054,13-09-2017,4
1055,1155,trans1055,14-09-2017,2
1056,1156,trans1056,15-09-2017,6
1057,1157,trans1057,16-09-2017,1
1058,1158,trans1058,17-09-2017,3
1059,1159,trans1059,18-09-2017,7
1060,1160,trans1060,19-09-2017,2
1061,1161,trans1061,20-09-2017,1
1062,1162,trans1062,21-09-2017,2
1063,1163,trans1063,22-09-2017,1
1064,1164,trans1064,23-09-2017,3
1065,1165,trans1065,24-09-2017,4
1066,1166,trans1066,25-09-2017,3
1067,1167,trans1067,26-09-2017,8
1068,1168,trans1068,27-09-2017,2
1069,1169,trans1069,28-09-2017,3
1070,1170,trans1070,29-09-2017,1
1071,1171,trans1071,30-09-2017,1
1072,1172,trans1072,01-10-2017,1
1073,1173,trans1073,02-10-2017,3
1074,1174,trans1074,03-10-2017,4
1075,1175,trans1075,04-10-2017,2
1076,1176,trans1076,05-10-2017,6
1077,1177,trans1077,06-10-2017,1
1078,1178,trans1078,07-10-2017,3
1079,1179,trans1079,08-10-2017,7
1080,1180,trans1080,09-10-2017,2
1081,1181,trans1081,10-10-2017,1
1082,1182,trans1082,11-10-2017,1
1083,1183,trans1083,12-10-2017,1
1084,1184,trans1084,13-10-2017,3
1085,1185,trans1085,14-10-2017,4
1086,1186,trans1086,15-10-2017,2
1087,1187,trans1087,16-10-2017,6
1088,1188,trans1088,17-10-2017,1
1089,1189,trans1089,18-10-2017,3
1090,1190,trans1090,19-10-2017,7
1091,1191,trans1091,20-10-2017,2
1092,1192,trans1092,21-10-2017,1
1093,1193,trans1093,22-10-2017,2
1094,1194,trans1094,23-10-2017,1
1095,1195,trans1095,24-10-2017,3
1096,1196,trans1096,25-10-2017,4
1097,1197,trans1097,26-10-2017,3
1098,1198,trans1098,27-10-2017,8
1099,1199,trans1099,28-10-2017,2
1100,1200,trans1100,29-10-2017,3
1101,1201,trans1101,30-10-2017,1
1102,1202,trans1102,31-10-2017,1
1103,1203,trans1103,01-11-2017,1
1104,1204,trans1104,02-11-2017,3
1105,1205,trans1105,03-11-2017,4
1106,1206,trans1106,04-11-2017,2
1107,1207,trans1107,05-11-2017,6
1108,1208,trans1108,06-11-2017,1
1109,1209,trans1109,07-11-2017,3
1110,1210,trans1110,08-11-2017,7
1111,1211,trans1111,09-11-2017,2
1112,1212,trans1112,10-11-2017,1
1113,1213,trans1113,11-11-2017,2
1114,1214,trans1114,12-11-2017,1
1115,1215,trans1115,13-11-2017,3
1116,1216,trans1116,14-11-2017,4
1117,1217,trans1117,15-11-2017,3
1118,1218,trans1118,16-11-2017,8
1119,1219,trans1119,17-11-2017,2
1120,1220,trans1120,18-11-2017,3
1121,1221,trans1121,19-11-2017,1
1122,1222,trans1122,20-11-2017,1
1123,1223,trans1123,21-11-2017,1
1124,1224,trans1124,22-11-2017,3
1125,1225,trans1125,23-11-2017,4
1126,1226,trans1126,24-11-2017,2
1127,1227,trans1127,25-11-2017,6
1128,1228,trans1128,26-11-2017,1
1129,1229,trans1129,27-11-2017,3
1130,1230,trans1130,28-11-2017,7
1131,1231,trans1131,29-11-2017,2
1132,1232,trans1132,30-11-2017,1
1133,1233,trans1133,01-12-2017,2
1134,1234,trans1134,02-12-2017,1
1135,1235,trans1135,03-12-2017,3
1136,1236,trans1136,04-12-2017,4
1137,1237,trans1137,05-12-2017,3
1138,1238,trans1138,06-12-2017,8
1139,1239,trans1139,07-12-2017,2
1140,1240,trans1140,08-12-2017,3
1141,1241,trans1141,09-12-2017,1
1142,1242,trans1142,10-12-2017,1
1143,1243,trans1143,11-12-2017,1
1144,1244,trans1144,12-12-2017,3
1145,1245,trans1145,13-12-2017,4
1146,1246,trans1146,14-12-2017,2
1147,1247,trans1147,15-12-2017,6
1148,1248,trans1148,16-12-2017,1
1149,1249,trans1149,17-12-2017,3
1150,1250,trans1150,18-12-2017,7
1151,1251,trans1151,19-12-2017,2
1152,1252,trans1152,20-12-2017,1
1153,1253,trans1153,21-12-2017,1
1154,1254,trans1154,22-12-2017,1
1155,1255,trans1155,23-12-2017,3
1156,1256,trans1156,24-12-2017,4
1157,1257,trans1157,25-12-2017,2
1158,1258,trans1158,26-12-2017,6
1159,1259,trans1159,27-12-2017,1
1160,1260,trans1160,28-12-2017,3
1161,1261,trans1161,29-12-2017,7
1162,1262,trans1162,30-12-2017,2
1163,1263,trans1163,31-12-2017,1
1164,1264,trans1164,01-01-2018,2
1165,1265,trans1165,02-01-2018,1
1166,1266,trans1166,03-01-2018,3
1167,1267,trans1167,04-01-2018,4
1168,1268,trans1168,05-01-2018,3
1169,1269,trans1169,06-01-2018,8
1170,1270,trans1170,07-01-2018,2
1171,1271,trans1171,08-01-2018,3
1172,1272,trans1172,09-01-2018,1
1173,1273,trans1173,10-01-2018,1
1174,1274,trans1174,11-01-2018,1
1175,1275,trans1175,12-01-2018,3
1176,1276,trans1176,13-01-2018,4
1177,1277,trans1177,14-01-2018,2
1178,1278,trans1178,15-01-2018,6
1179,1279,trans1179,16-01-2018,1
1180,1280,trans1180,17-01-2018,3
1181,1281,trans1181,18-01-2018,7
1182,1282,trans1182,19-01-2018,2
1183,1283,trans1183,20-01-2018,1
1184,1284,trans1184,21-01-2018,2
1185,1285,trans1185,22-01-2018,1
1186,1286,trans1186,23-01-2018,3
1187,1287,trans1187,24-01-2018,4
1188,1288,trans1188,25-01-2018,3
1189,1289,trans1189,26-01-2018,8
1190,1290,trans1190,27-01-2018,2
1191,1291,trans1191,28-01-2018,3
1192,1292,trans1192,29-01-2018,1
1193,1293,trans1193,30-01-2018,1
1194,1294,trans1194,31-01-2018,1
1195,1295,trans1195,01-02-2018,3
1196,1296,trans1196,02-02-2018,4
1197,1297,trans1197,03-02-2018,2
1198,1298,trans1198,04-02-2018,6
1199,1299,trans1199,05-02-2018,1
1200,1300,trans1200,06-02-2018,3
1201,1301,trans1201,07-02-2018,7
1202,1302,trans1202,08-02-2018,2
1203,1303,trans1203,09-02-2018,1
1204,1304,trans1204,10-02-2018,2
1205,1305,trans1205,11-02-2018,1
1206,1306,trans1206,12-02-2018,3
1207,1307,trans1207,13-02-2018,4
1208,1308,trans1208,14-02-2018,3
1209,1309,trans1209,15-02-2018,8
1210,1310,trans1210,16-02-2018,2
1211,1311,trans1211,17-02-2018,3
1212,1312,trans1212,18-02-2018,1
1213,1313,trans1213,19-02-2018,1
1214,1314,trans1214,20-02-2018,1
1215,1315,trans1215,21-02-2018,3
1216,1316,trans1216,22-02-2018,4
1217,1317,trans1217,23-02-2018,2
1218,1318,trans1218,24-02-2018,6
1219,1319,trans1219,25-02-2018,1
1220,1320,trans1220,26-02-2018,3
1221,1321,trans1221,27-02-2018,7
1222,1322,trans1222,28-02-2018,2
1223,1323,trans1223,01-03-2018,1
1224,1324,trans1224,02-03-2018,1
1225,1325,trans1225,03-03-2018,1
1226,1326,trans1226,04-03-2018,3
1227,1327,trans1227,05-03-2018,4
1228,1328,trans1228,06-03-2018,2
1229,1329,trans1229,07-03-2018,6
1230,1330,trans1230,08-03-2018,1
1231,1331,trans1231,09-03-2018,3
1232,1332,trans1232,10-03-2018,7
1233,1333,trans1233,11-03-2018,2
1234,1334,trans1234,12-03-2018,1
1235,1335,trans1235,13-03-2018,2
1236,1336,trans1236,14-03-2018,1
1237,1337,trans1237,15-03-2018,3
1238,1338,trans1238,16-03-2018,4
1239,1339,trans1239,17-03-2018,3
1240,1340,trans1240,18-03-2018,8
1241,1341,trans1241,19-03-2018,2
1242,1342,trans1242,20-03-2018,3
1243,1343,trans1243,21-03-2018,1
1244,1344,trans1244,22-03-2018,1
1245,1345,trans1245,23-03-2018,1
1246,1346,trans1246,24-03-2018,3
1247,1347,trans1247,25-03-2018,4
1248,1348,trans1248,26-03-2018,2
1249,1349,trans1249,27-03-2018,6
1250,1350,trans1250,28-03-2018,1
1251,1351,trans1251,29-03-2018,3
1252,1352,trans1252,30-03-2018,7
1253,1353,trans1253,31-03-2018,2
1254,1354,trans1254,01-04-2018,1
1255,1355,trans1255,02-04-2018,2
1256,1356,trans1256,03-04-2018,1
1257,1357,trans1257,04-04-2018,3
1258,1358,trans1258,05-04-2018,4
1259,1359,trans1259,06-04-2018,3
1260,1360,trans1260,07-04-2018,8
1261,1361,trans1261,08-04-2018,2
1262,1362,trans1262,09-04-2018,3
1263,1363,trans1263,10-04-2018,1
1264,1364,trans1264,11-04-2018,1
1265,1365,trans1265,12-04-2018,1
1266,1366,trans1266,13-04-2018,3
1267,1367,trans1267,14-04-2018,4
1268,1368,trans1268,15-04-2018,2
1269,1369,trans1269,16-04-2018,6
1270,1370,trans1270,17-04-2018,1
1271,1371,trans1271,18-04-2018,3
1272,1372,trans1272,19-04-2018,7
1273,1373,trans1273,20-04-2018,2
1274,1374,trans1274,21-04-2018,1
1275,1375,trans1275,22-04-2018,2
1276,1376,trans1276,23-04-2018,1
1277,1377,trans1277,24-04-2018,3
1278,1378,trans1278,25-04-2018,4
1279,1379,trans1279,26-04-2018,3
1280,1380,trans1280,27-04-2018,8
1281,1381,trans1281,28-04-2018,2
1282,1382,trans1282,29-04-2018,3
1283,1383,trans1283,30-04-2018,1
1284,1384,trans1284,01-05-2018,1
1285,1385,trans1285,02-05-2018,1
1286,1386,trans1286,03-05-2018,3
1287,1387,trans1287,04-05-2018,4
1288,1388,trans1288,05-05-2018,2
1289,1389,trans1289,06-05-2018,6
1290,1390,trans1290,07-05-2018,1
1291,1391,trans1291,08-05-2018,3
1292,1392,trans1292,09-05-2018,7
1293,1393,trans1293,10-05-2018,2
1294,1394,trans1294,11-05-2018,1
1295,1395,trans1295,12-05-2018,1
1296,1396,trans1296,13-05-2018,1
1297,1397,trans1297,14-05-2018,3
1298,1398,trans1298,15-05-2018,4
1299,1399,trans1299,16-05-2018,2
1300,1400,trans1300,17-05-2018,6
1301,1401,trans1301,18-05-2018,1
1302,1402,trans1302,19-05-2018,3
1303,1403,trans1303,20-05-2018,7
1304,1404,trans1304,21-05-2018,2
1305,1405,trans1305,22-05-2018,1
1306,1406,trans1306,23-05-2018,2
1307,1407,trans1307,24-05-2018,1
1308,1408,trans1308,25-05-2018,3
1309,1409,trans1309,26-05-2018,4
1310,1410,trans1310,27-05-2018,3
1311,1411,trans1311,28-05-2018,8
1312,1412,trans1312,29-05-2018,2
1313,1413,trans1313,30-05-2018,3
1314,1414,trans1314,31-05-2018,1
1315,1415,trans1315,01-06-2018,1
1316,1416,trans1316,02-06-2018,1
1317,1417,trans1317,03-06-2018,3
1318,1418,trans1318,04-06-2018,4
1319,1419,trans1319,05-06-2018,2
1320,1420,trans1320,06-06-2018,6
1321,1421,trans1321,07-06-2018,1
1322,1422,trans1322,08-06-2018,3
1323,1423,trans1323,09-06-2018,7
1324,1424,trans1324,10-06-2018,2
1325,1425,trans1325,11-06-2018,1
1326,1426,trans1326,12-06-2018,2
1327,1427,trans1327,13-06-2018,1
1328,1428,trans1328,14-06-2018,3
1329,1429,trans1329,15-06-2018,4
1330,1430,trans1330,16-06-2018,3
1331,1431,trans1331,17-06-2018,8
1332,1432,trans1332,18-06-2018,2
1333,1433,trans1333,19-06-2018,3
1334,1434,trans1334,20-06-2018,1
1335,1435,trans1335,21-06-2018,1
1336,1436,trans1336,22-06-2018,1
1337,1437,trans1337,23-06-2018,3
1338,1438,trans1338,24-06-2018,4
1339,1439,trans1339,25-06-2018,2
1340,1440,trans1340,26-06-2018,6
1341,1441,trans1341,27-06-2018,1
1342,1442,trans1342,28-06-2018,3
1343,1443,trans1343,29-06-2018,7
1344,1444,trans1344,30-06-2018,2
1345,1445,trans1345,01-07-2018,1
1346,1446,trans1346,02-07-2018,2
1347,1447,trans1347,03-07-2018,1
1348,1448,trans1348,04-07-2018,3
1349,1449,trans1349,05-07-2018,4
1350,1450,trans1350,06-07-2018,3
1351,1451,trans1351,07-07-2018,8
1352,1452,trans1352,08-07-2018,2
1353,1453,trans1353,09-07-2018,3
1354,1454,trans1354,10-07-2018,1
1355,1455,trans1355,11-07-2018,1
1356,1456,trans1356,12-07-2018,1
1357,1457,trans1357,13-07-2018,3
1358,1458,trans1358,14-07-2018,4
1359,1459,trans1359,15-07-2018,2
1360,1460,trans1360,16-07-2018,6
1361,1461,trans1361,17-07-2018,1
1362,1462,trans1362,18-07-2018,3
1363,1463,trans1363,19-07-2018,7
1364,1464,trans1364,20-07-2018,2
1365,1465,trans1365,21-07-2018,1
1366,1466,trans1366,22-07-2018,1
1367,1467,trans1367,23-07-2018,1
1368,1468,trans1368,24-07-2018,3
1369,1469,trans1369,25-07-2018,4
1370,1470,trans1370,26-07-2018,2
1371,1471,trans1371,27-07-2018,6
1372,1472,trans1372,28-07-2018,1
1373,1473,trans1373,29-07-2018,3
1374,1474,trans1374,30-07-2018,7
1375,1475,trans1375,31-07-2018,2
1376,1476,trans1376,01-08-2018,1
1377,1477,trans1377,02-08-2018,2
1378,1478,trans1378,03-08-2018,1
1379,1479,trans1379,04-08-2018,3
1380,1480,trans1380,05-08-2018,4
1381,1481,trans1381,06-08-2018,3
1382,1482,trans1382,07-08-2018,8
1383,1483,trans1383,08-08-2018,2
1384,1484,trans1384,09-08-2018,3
1385,1485,trans1385,10-08-2018,1
1386,1486,trans1386,11-08-2018,1
1387,1487,trans1387,12-08-2018,1
1388,1488,trans1388,13-08-2018,3
1389,1489,trans1389,14-08-2018,4
1390,1490,trans1390,15-08-2018,2
1391,1491,trans1391,16-08-2018,6
1392,1492,trans1392,17-08-2018,1
1393,1493,trans1393,18-08-2018,3
1394,1494,trans1394,19-08-2018,7
1395,1495,trans1395,20-08-2018,2
1396,1496,trans1396,21-08-2018,1
1397,1497,trans1397,22-08-2018,2
1398,1498,trans1398,23-08-2018,1
1399,1499,trans1399,24-08-2018,3
1400,1500,trans1400,25-08-2018,4
1401,1501,trans1401,26-08-2018,3
1402,1502,trans1402,27-08-2018,8
1403,1503,trans1403,28-08-2018,2
1404,1504,trans1404,29-08-2018,3
1405,1505,trans1405,30-08-2018,1
1406,1506,trans1406,31-08-2018,1
1407,1507,trans1407,01-09-2018,1
1408,1508,trans1408,02-09-2018,3
1409,1509,trans1409,03-09-2018,4
1410,1510,trans1410,04-09-2018,2
1411,1511,trans1411,05-09-2018,6
1412,1512,trans1412,06-09-2018,1
1413,1513,trans1413,07-09-2018,3
1414,1514,trans1414,08-09-2018,7
1415,1515,trans1415,09-09-2018,2
1416,1516,trans1416,10-09-2018,1
1417,1517,trans1417,11-09-2018,2
1418,1518,trans1418,12-09-2018,1
1419,1519,trans1419,13-09-2018,3
1420,1520,trans1420,14-09-2018,4
1421,1521,trans1421,15-09-2018,3
1422,1522,trans1422,16-09-2018,8
1423,1523,trans1423,17-09-2018,2
1424,1524,trans1424,18-09-2018,3
1425,1525,trans1425,19-09-2018,1
1426,1526,trans1426,20-09-2018,1
1427,1527,trans1427,21-09-2018,1
1428,1528,trans1428,22-09-2018,3
1429,1529,trans1429,23-09-2018,4
1430,1530,trans1430,24-09-2018,2
1431,1531,trans1431,25-09-2018,6
1432,1532,trans1432,26-09-2018,1
1433,1533,trans1433,27-09-2018,3
1434,1534,trans1434,28-09-2018,7
1435,1535,trans1435,29-09-2018,2
1436,1536,trans1436,30-09-2018,1
1437,1537,trans1437,01-10-2018,1
1438,1538,trans1438,02-10-2018,1
1439,1539,trans1439,03-10-2018,3
1440,1540,trans1440,04-10-2018,4
1441,1541,trans1441,05-10-2018,2
1442,1542,trans1442,06-10-2018,6
1443,1543,trans1443,07-10-2018,1
1444,1544,trans1444,08-10-2018,3
1445,1545,trans1445,09-10-2018,7
1446,1546,trans1446,10-10-2018,2
1447,1547,trans1447,11-10-2018,1
1448,1548,trans1448,12-10-2018,2
1449,1549,trans1449,13-10-2018,1
1450,1550,trans1450,14-10-2018,3
1451,1551,trans1451,15-10-2018,4
1452,1552,trans1452,16-10-2018,3
1453,1553,trans1453,17-10-2018,8
1454,1554,trans1454,18-10-2018,2
1455,1555,trans1455,19-10-2018,3
1456,1556,trans1456,20-10-2018,1
1457,1557,trans1457,21-10-2018,1
1458,1558,trans1458,22-10-2018,1
1459,1559,trans1459,23-10-2018,3
1460,1560,trans1460,24-10-2018,4
1461,1561,trans1461,25-10-2018,2
1462,1562,trans1462,26-10-2018,6
1463,1563,trans1463,27-10-2018,1
1464,1564,trans1464,28-10-2018,3
1465,1565,trans1465,29-10-2018,7
1466,1566,trans1466,30-10-2018,2
1467,1567,trans1467,31-10-2018,1
1468,1568,trans1468,01-11-2018,2
1469,1569,trans1469,02-11-2018,1
1470,1570,trans1470,03-11-2018,3
1471,1571,trans1471,04-11-2018,4
1472,1572,trans1472,05-11-2018,3
1473,1573,trans1473,06-11-2018,8
1474,1574,trans1474,07-11-2018,2
1475,1575,trans1475,08-11-2018,3
1476,1576,trans1476,09-11-2018,1
1477,1577,trans1477,10-11-2018,1
1478,1578,trans1478,11-11-2018,1
1479,1579,trans1479,12-11-2018,3
1480,1580,trans1480,13-11-2018,4
1481,1581,trans1481,14-11-2018,2
1482,1582,trans1482,15-11-2018,6
1483,1583,trans1483,16-11-2018,1
1484,1584,trans1484,17-11-2018,3
1485,1585,trans1485,18-11-2018,7
1486,1586,trans1486,19-11-2018,2
1487,1587,trans1487,20-11-2018,1
1488,1588,trans1488,21-11-2018,2
1489,1589,trans1489,22-11-2018,1
1490,1590,trans1490,23-11-2018,3
1491,1591,trans1491,24-11-2018,4
1492,1592,trans1492,25-11-2018,3
1493,1593,trans1493,26-11-2018,8
1494,1594,trans1494,27-11-2018,2
1495,1595,trans1495,28-11-2018,3
1496,1596,trans1496,29-11-2018,1
1497,1597,trans1497,30-11-2018,1
1498,1598,trans1498,01-12-2018,1
1499,1599,trans1499,02-12-2018,3
1500,1600,trans1500,03-12-2018,4
